title,level_type,Level,Link
더 맵게,힙(Heap),level-2,https://programmers.co.kr/learn/challenges?tab=all_challenges/&page=2/learn/courses/30/lessons/42626?language=python3
라면공장,힙(Heap),level-2,https://programmers.co.kr/learn/challenges?tab=all_challenges/&page=2/learn/courses/30/lessons/42629?language=python3
디스크 컨트롤러,힙(Heap),level-3,https://programmers.co.kr/learn/challenges?tab=all_challenges/&page=3/learn/courses/30/lessons/42627?language=python3
이중우선순위큐,힙(Heap),level-3,https://programmers.co.kr/learn/challenges?tab=all_challenges/&page=3/learn/courses/30/lessons/42628?language=python3
완주하지 못한 선수,해시,level-1,https://programmers.co.kr/learn/challenges?tab=all_challenges/&page=1/learn/courses/30/lessons/42576?language=python3
전화번호 목록,해시,level-2,https://programmers.co.kr/learn/challenges?tab=all_challenges/&page=2/learn/courses/30/lessons/42577?language=python3
위장,해시,level-2,https://programmers.co.kr/learn/challenges?tab=all_challenges/&page=2/learn/courses/30/lessons/42578?language=python3
베스트앨범,해시,level-3,https://programmers.co.kr/learn/challenges?tab=all_challenges/&page=3/learn/courses/30/lessons/42579?language=python3
체육복,탐욕법(Greedy),level-1,https://programmers.co.kr/learn/challenges?tab=all_challenges/&page=1/learn/courses/30/lessons/42862?language=python3
조이스틱,탐욕법(Greedy),level-2,https://programmers.co.kr/learn/challenges?tab=all_challenges/&page=1/learn/courses/30/lessons/42860?language=python3
큰 수 만들기,탐욕법(Greedy),level-2,https://programmers.co.kr/learn/challenges?tab=all_challenges/&page=2/learn/courses/30/lessons/42883?language=python3
조이스틱,탐욕법(Greedy),level-2,https://programmers.co.kr/learn/challenges?tab=all_challenges/&page=2/learn/courses/30/lessons/42860?language=python3
구명보트,탐욕법(Greedy),level-2,https://programmers.co.kr/learn/challenges?tab=all_challenges/&page=2/learn/courses/30/lessons/42885?language=python3
섬 연결하기,탐욕법(Greedy),level-3,https://programmers.co.kr/learn/challenges?tab=all_challenges/&page=2/learn/courses/30/lessons/42861?language=python3
단속카메라,탐욕법(Greedy),level-3,https://programmers.co.kr/learn/challenges?tab=all_challenges/&page=2/learn/courses/30/lessons/42884?language=python3
저울,탐욕법(Greedy),level-3,https://programmers.co.kr/learn/challenges?tab=all_challenges/&page=3/learn/courses/30/lessons/42886?language=python3
폰켓몬,찾아라 프로그래밍 마에스터,level-2,"https://programmers.co.kr/learn/challenges?tab=all_challenges/&page=5/learn/courses/30/lessons/1845?language=python3"""
사칙연산,찾아라 프로그래밍 마에스터,level-4,"https://programmers.co.kr/learn/challenges?tab=all_challenges/&page=5/learn/courses/30/lessons/1843?language=python3"""
게임 맵 최단거리,찾아라 프로그래밍 마에스터,level-4,"https://programmers.co.kr/learn/challenges?tab=all_challenges/&page=5/learn/courses/30/lessons/1844?language=python3"""
K번째수,정렬,level-1,https://programmers.co.kr/learn/challenges?tab=all_challenges/&page=1/learn/courses/30/lessons/42748?language=python3
가장 큰 수,정렬,level-2,https://programmers.co.kr/learn/challenges?tab=all_challenges/&page=2/learn/courses/30/lessons/42746?language=python3
H-Index,정렬,level-2,https://programmers.co.kr/learn/challenges?tab=all_challenges/&page=2/learn/courses/30/lessons/42747?language=python3
예산,이분탐색,level-3,https://programmers.co.kr/learn/challenges?tab=all_challenges/&page=3/learn/courses/30/lessons/43237?language=python3
입국심사,이분탐색,level-3,https://programmers.co.kr/learn/challenges?tab=all_challenges/&page=3/learn/courses/30/lessons/43238?language=python3
징검다리,이분탐색,level-4,https://programmers.co.kr/learn/challenges?tab=all_challenges/&page=3/learn/courses/30/lessons/43236?language=python3
모의고사,완전탐색,level-1,https://programmers.co.kr/learn/challenges?tab=all_challenges/&page=1/learn/courses/30/lessons/42840?language=python3
숫자 야구,완전탐색,level-2,https://programmers.co.kr/learn/challenges?tab=all_challenges/&page=2/learn/courses/30/lessons/42841?language=python3
카펫,완전탐색,level-2,https://programmers.co.kr/learn/challenges?tab=all_challenges/&page=2/learn/courses/30/lessons/42842?language=python3
2016년,연습문제,level-1,https://programmers.co.kr/learn/challenges?tab=all_challenges/&page=1/learn/courses/30/lessons/12901?language=python3
가운데 글자 가져오기,연습문제,level-1,https://programmers.co.kr/learn/challenges?tab=all_challenges/&page=3/learn/courses/30/lessons/12903?language=python3
같은 숫자는 싫어,연습문제,level-1,https://programmers.co.kr/learn/challenges?tab=all_challenges/&page=4/learn/courses/30/lessons/12906?language=python3
나누어 떨어지는 숫자 배열,연습문제,level-1,https://programmers.co.kr/learn/challenges?tab=all_challenges/&page=4/learn/courses/30/lessons/12910?language=python3
두 정수 사이의 합,연습문제,level-1,https://programmers.co.kr/learn/challenges?tab=all_challenges/&page=4/learn/courses/30/lessons/12912?language=python3
문자열 내 마음대로 정렬하기,연습문제,level-1,https://programmers.co.kr/learn/challenges?tab=all_challenges/&page=5/learn/courses/30/lessons/12915?language=python3
문자열 내 p와 y의 개수,연습문제,level-1,https://programmers.co.kr/learn/challenges?tab=all_challenges/&page=5/learn/courses/30/lessons/12916?language=python3
문자열 내림차순으로 배치하기,연습문제,level-1,https://programmers.co.kr/learn/challenges?tab=all_challenges/&page=5/learn/courses/30/lessons/12917?language=python3
문자열 다루기 기본,연습문제,level-1,https://programmers.co.kr/learn/challenges?tab=all_challenges/&page=5/learn/courses/30/lessons/12918?language=python3
서울에서 김서방 찾기,연습문제,level-1,https://programmers.co.kr/learn/challenges?tab=all_challenges/&page=5/learn/courses/30/lessons/12919?language=python3
소수 찾기,연습문제,level-1,https://programmers.co.kr/learn/challenges?tab=all_challenges/&page=5/learn/courses/30/lessons/12921?language=python3
수박수박수박수박수박수?,연습문제,level-1,https://programmers.co.kr/learn/challenges?tab=all_challenges/&page=5/learn/courses/30/lessons/12922?language=python3
문자열을 정수로 바꾸기,연습문제,level-1,https://programmers.co.kr/learn/challenges?tab=all_challenges/&page=5/learn/courses/30/lessons/12925?language=python3
시저 암호,연습문제,level-1,https://programmers.co.kr/learn/challenges?tab=all_challenges/&page=5/learn/courses/30/lessons/12926?language=python3
약수의 합,연습문제,level-1,https://programmers.co.kr/learn/challenges?tab=all_challenges/&page=5/learn/courses/30/lessons/12928?language=python3
이상한 문자 만들기,연습문제,level-1,https://programmers.co.kr/learn/challenges?tab=all_challenges/&page=6/learn/courses/30/lessons/12930?language=python3
자릿수 더하기,연습문제,level-1,https://programmers.co.kr/learn/challenges?tab=all_challenges/&page=6/learn/courses/30/lessons/12931?language=python3
자연수 뒤집어 배열로 만들기,연습문제,level-1,https://programmers.co.kr/learn/challenges?tab=all_challenges/&page=6/learn/courses/30/lessons/12932?language=python3
정수 내림차순으로 배치하기,연습문제,level-1,https://programmers.co.kr/learn/challenges?tab=all_challenges/&page=6/learn/courses/30/lessons/12933?language=python3
정수 제곱근 판별,연습문제,level-1,https://programmers.co.kr/learn/challenges?tab=all_challenges/&page=6/learn/courses/30/lessons/12934?language=python3
제일 작은 수 제거하기,연습문제,level-1,https://programmers.co.kr/learn/challenges?tab=all_challenges/&page=6/learn/courses/30/lessons/12935?language=python3
짝수와 홀수,연습문제,level-1,https://programmers.co.kr/learn/challenges?tab=all_challenges/&page=6/learn/courses/30/lessons/12937?language=python3
최대공약수와 최소공배수,연습문제,level-1,https://programmers.co.kr/learn/challenges?tab=all_challenges/&page=6/learn/courses/30/lessons/12940?language=python3
콜라츠 추측,연습문제,level-1,https://programmers.co.kr/learn/challenges?tab=all_challenges/&page=6/learn/courses/30/lessons/12943?language=python3
평균 구하기,연습문제,level-1,https://programmers.co.kr/learn/challenges?tab=all_challenges/&page=6/learn/courses/30/lessons/12944?language=python3
하샤드 수,연습문제,level-1,https://programmers.co.kr/learn/challenges?tab=all_challenges/&page=7/learn/courses/30/lessons/12947?language=python3
핸드폰 번호 가리기,연습문제,level-1,https://programmers.co.kr/learn/challenges?tab=all_challenges/&page=7/learn/courses/30/lessons/12948?language=python3
행렬의 덧셈,연습문제,level-1,https://programmers.co.kr/learn/challenges?tab=all_challenges/&page=7/learn/courses/30/lessons/12950?language=python3
x만큼 간격이 있는 n개의 숫자,연습문제,level-1,https://programmers.co.kr/learn/challenges?tab=all_challenges/&page=7/learn/courses/30/lessons/12954?language=python3
직사각형 별찍기,연습문제,level-1,https://programmers.co.kr/learn/challenges?tab=all_challenges/&page=8/learn/courses/30/lessons/12969?language=python3
124 나라의 숫자,연습문제,level-2,https://programmers.co.kr/learn/challenges?tab=all_challenges/&page=1/learn/courses/30/lessons/12899?language=python3
가장 큰 정사각형 찾기,연습문제,level-2,https://programmers.co.kr/learn/challenges?tab=all_challenges/&page=4/learn/courses/30/lessons/12905?language=python3
올바른 괄호,연습문제,level-2,https://programmers.co.kr/learn/challenges?tab=all_challenges/&page=4/learn/courses/30/lessons/12909?language=python3
다음 큰 숫자,연습문제,level-2,https://programmers.co.kr/learn/challenges?tab=all_challenges/&page=4/learn/courses/30/lessons/12911?language=python3
땅따먹기,연습문제,level-2,https://programmers.co.kr/learn/challenges?tab=all_challenges/&page=4/learn/courses/30/lessons/12913?language=python3
숫자의 표현,연습문제,level-2,https://programmers.co.kr/learn/challenges?tab=all_challenges/&page=5/learn/courses/30/lessons/12924?language=python3
최댓값과 최솟값,연습문제,level-2,https://programmers.co.kr/learn/challenges?tab=all_challenges/&page=6/learn/courses/30/lessons/12939?language=python3
최솟값 만들기,연습문제,level-2,https://programmers.co.kr/learn/challenges?tab=all_challenges/&page=6/learn/courses/30/lessons/12941?language=python3
피보나치 수,연습문제,level-2,https://programmers.co.kr/learn/challenges?tab=all_challenges/&page=7/learn/courses/30/lessons/12945?language=python3
행렬의 곱셈,연습문제,level-2,https://programmers.co.kr/learn/challenges?tab=all_challenges/&page=7/learn/courses/30/lessons/12949?language=python3
JadenCase 문자열 만들기,연습문제,level-2,https://programmers.co.kr/learn/challenges?tab=all_challenges/&page=7/learn/courses/30/lessons/12951?language=python3
N개의 최소공배수,연습문제,level-2,https://programmers.co.kr/learn/challenges?tab=all_challenges/&page=7/learn/courses/30/lessons/12953?language=python3
2 x n 타일링,연습문제,level-3,https://programmers.co.kr/learn/challenges?tab=all_challenges/&page=1/learn/courses/30/lessons/12900?language=python3
가장 긴 팰린드롬,연습문제,level-3,https://programmers.co.kr/learn/challenges?tab=all_challenges/&page=3/learn/courses/30/lessons/12904?language=python3
거스름돈,연습문제,level-3,https://programmers.co.kr/learn/challenges?tab=all_challenges/&page=4/learn/courses/30/lessons/12907?language=python3
멀리 뛰기,연습문제,level-3,https://programmers.co.kr/learn/challenges?tab=all_challenges/&page=5/learn/courses/30/lessons/12914?language=python3
야근 지수,연습문제,level-3,https://programmers.co.kr/learn/challenges?tab=all_challenges/&page=5/learn/courses/30/lessons/12927?language=python3
줄 서는 방법,연습문제,level-3,https://programmers.co.kr/learn/challenges?tab=all_challenges/&page=6/learn/courses/30/lessons/12936?language=python3
최고의 집합,연습문제,level-3,https://programmers.co.kr/learn/challenges?tab=all_challenges/&page=6/learn/courses/30/lessons/12938?language=python3
하노이의 탑,연습문제,level-3,https://programmers.co.kr/learn/challenges?tab=all_challenges/&page=7/learn/courses/30/lessons/12946?language=python3
N-Queen,연습문제,level-3,https://programmers.co.kr/learn/challenges?tab=all_challenges/&page=7/learn/courses/30/lessons/12952?language=python3
3 x n 타일링,연습문제,level-4,https://programmers.co.kr/learn/challenges?tab=all_challenges/&page=2/learn/courses/30/lessons/12902?language=python3
선입 선출 스케줄링,연습문제,level-4,https://programmers.co.kr/learn/challenges?tab=all_challenges/&page=5/learn/courses/30/lessons/12920?language=python3
숫자 블록,연습문제,level-4,https://programmers.co.kr/learn/challenges?tab=all_challenges/&page=5/learn/courses/30/lessons/12923?language=python3
올바른 괄호의 갯수,연습문제,level-4,https://programmers.co.kr/learn/challenges?tab=all_challenges/&page=6/learn/courses/30/lessons/12929?language=python3
최적의 행렬 곱셈,연습문제,level-4,https://programmers.co.kr/learn/challenges?tab=all_challenges/&page=6/learn/courses/30/lessons/12942?language=python3
탑,스택/큐,level-2,https://programmers.co.kr/learn/challenges?tab=all_challenges/&page=1/learn/courses/30/lessons/42588?language=python3
프린터,스택/큐,level-2,https://programmers.co.kr/learn/challenges?tab=all_challenges/&page=1/learn/courses/30/lessons/42587?language=python3
기능개발,스택/큐,level-2,https://programmers.co.kr/learn/challenges?tab=all_challenges/&page=1/learn/courses/30/lessons/42586?language=python3
다리를 지나는 트럭,스택/큐,level-2,https://programmers.co.kr/learn/challenges?tab=all_challenges/&page=1/learn/courses/30/lessons/42583?language=python3
쇠막대기,스택/큐,level-2,https://programmers.co.kr/learn/challenges?tab=all_challenges/&page=1/learn/courses/30/lessons/42585?language=python3
주식가격,스택/큐,level-2,https://programmers.co.kr/learn/challenges?tab=all_challenges/&page=1/learn/courses/30/lessons/42584?language=python3
N으로 표현,동적계획법(Dynamic Programming),level-3,https://programmers.co.kr/learn/challenges?tab=all_challenges/&page=1/learn/courses/30/lessons/42895?language=python3
타일 장식물,동적계획법(Dynamic Programming),level-3,https://programmers.co.kr/learn/challenges?tab=all_challenges/&page=2/learn/courses/30/lessons/43104?language=python3
정수 삼각형,동적계획법(Dynamic Programming),level-3,https://programmers.co.kr/learn/challenges?tab=all_challenges/&page=2/learn/courses/30/lessons/43105?language=python3
정수 삼각형,동적계획법(Dynamic Programming),level-3,https://programmers.co.kr/learn/challenges?tab=all_challenges/&page=3/learn/courses/30/lessons/43105?language=python3
등굣길,동적계획법(Dynamic Programming),level-3,https://programmers.co.kr/learn/challenges?tab=all_challenges/&page=3/learn/courses/30/lessons/42898?language=python3
카드 게임,동적계획법(Dynamic Programming),level-4,https://programmers.co.kr/learn/challenges?tab=all_challenges/&page=3/learn/courses/30/lessons/42896?language=python3
도둑질,동적계획법(Dynamic Programming),level-4,https://programmers.co.kr/learn/challenges?tab=all_challenges/&page=3/learn/courses/30/lessons/42897?language=python3
서울에서 경산까지,동적계획법(Dynamic Programming),level-4,https://programmers.co.kr/learn/challenges?tab=all_challenges/&page=3/learn/courses/30/lessons/42899?language=python3
타겟 넘버,깊이/너비 우선 탐색(DFS/BFS),level-2,https://programmers.co.kr/learn/challenges?tab=all_challenges/&page=2/learn/courses/30/lessons/43165?language=python3
네트워크,깊이/너비 우선 탐색(DFS/BFS),level-3,https://programmers.co.kr/learn/challenges?tab=all_challenges/&page=2/learn/courses/30/lessons/43162?language=python3
여행경로,깊이/너비 우선 탐색(DFS/BFS),level-3,https://programmers.co.kr/learn/challenges?tab=all_challenges/&page=3/learn/courses/30/lessons/43164?language=python3
가장 먼 노드,그래프,level-3,https://programmers.co.kr/learn/challenges?tab=all_challenges/&page=3/learn/courses/30/lessons/49189?language=python3
순위,그래프,level-3,https://programmers.co.kr/learn/challenges?tab=all_challenges/&page=3/learn/courses/30/lessons/49191?language=python3
방의 개수,그래프,level-5,https://programmers.co.kr/learn/challenges?tab=all_challenges/&page=4/learn/courses/30/lessons/49190?language=python3
스킬트리,2018 윈터코딩,level-2,https://programmers.co.kr/learn/challenges?tab=all_challenges/&page=1/learn/courses/30/lessons/49993?language=python3
방문 길이,2018 윈터코딩,level-3,https://programmers.co.kr/learn/challenges?tab=all_challenges/&page=5/learn/courses/30/lessons/49994?language=python3
쿠키 구입,2018 윈터코딩,level-4,https://programmers.co.kr/learn/challenges?tab=all_challenges/&page=6/learn/courses/30/lessons/49995?language=python3
예산,2018 서머코딩,level-1,https://programmers.co.kr/learn/challenges?tab=all_challenges/&page=8/learn/courses/30/lessons/12982?language=python3
영어 끝말잇기,2018 서머코딩,level-2,https://programmers.co.kr/learn/challenges?tab=all_challenges/&page=8/learn/courses/30/lessons/12981?language=python3
숫자 게임,2018 서머코딩,level-3,https://programmers.co.kr/learn/challenges?tab=all_challenges/&page=8/learn/courses/30/lessons/12987?language=python3
지형 편집,2018 서머코딩,level-4,https://programmers.co.kr/learn/challenges?tab=all_challenges/&page=8/learn/courses/30/lessons/12984?language=python3
짝지어 제거하기,2017 팁스타운,level-2,https://programmers.co.kr/learn/challenges?tab=all_challenges/&page=7/learn/courses/30/lessons/12973?language=python3
예상 대진표,2017 팁스타운,level-2,https://programmers.co.kr/learn/challenges?tab=all_challenges/&page=8/learn/courses/30/lessons/12985?language=python3
단어 퍼즐,2017 팁스타운,level-4,https://programmers.co.kr/learn/challenges?tab=all_challenges/&page=8/learn/courses/30/lessons/12983?language=python3
소수 만들기,2017 서머코딩,level-2,https://programmers.co.kr/learn/challenges?tab=all_challenges/&page=8/learn/courses/30/lessons/12977?language=python3
점프와 순간 이동,2017 서머코딩,level-2,https://programmers.co.kr/learn/challenges?tab=all_challenges/&page=8/learn/courses/30/lessons/12980?language=python3
배달,2017 서머코딩,level-3,https://programmers.co.kr/learn/challenges?tab=all_challenges/&page=7/learn/courses/30/lessons/12978?language=python3
기지국 설치,2017 서머코딩,level-3,https://programmers.co.kr/learn/challenges?tab=all_challenges/&page=8/learn/courses/30/lessons/12979?language=python3
스티커 모으기(2),2017 서머코딩,level-4,https://programmers.co.kr/learn/challenges?tab=all_challenges/&page=8/learn/courses/30/lessons/12971?language=python3
오픈채팅방,(2018년)KAKAO BLIND RECRUITMENT,level-5,https://programmers.co.kr/learn/challenges?tab=all_challenges/&page=9/learn/courses/30/lessons/42888?language=python3
실패율,(2018년)KAKAO BLIND RECRUITMENT,level-5,https://programmers.co.kr/learn/challenges?tab=all_challenges/&page=9/learn/courses/30/lessons/42889?language=python3
후보키,(2018년)KAKAO BLIND RECRUITMENT,level-5,https://programmers.co.kr/learn/challenges?tab=all_challenges/&page=9/learn/courses/30/lessons/42890?language=python3
무지의 먹방 라이브,(2018년)KAKAO BLIND RECRUITMENT,level-5,https://programmers.co.kr/learn/challenges?tab=all_challenges/&page=9/learn/courses/30/lessons/42891?language=python3
길 찾기 게임,(2018년)KAKAO BLIND RECRUITMENT,level-5,https://programmers.co.kr/learn/challenges?tab=all_challenges/&page=9/learn/courses/30/lessons/42892?language=python3
매칭 점수,(2018년)KAKAO BLIND RECRUITMENT,level-5,https://programmers.co.kr/learn/challenges?tab=all_challenges/&page=9/learn/courses/30/lessons/42893?language=python3
블록 게임,(2018년)KAKAO BLIND RECRUITMENT,level-5,https://programmers.co.kr/learn/challenges?tab=all_challenges/&page=9/learn/courses/30/lessons/42894?language=python3
[1차] 추석 트래픽,(2017년)KAKAO BLIND RECRUITMENT,level-5,https://programmers.co.kr/learn/challenges?tab=all_challenges/&page=1/learn/courses/30/lessons/17676?language=python3
[1차] 뉴스 클러스터링,(2017년)KAKAO BLIND RECRUITMENT,level-5,https://programmers.co.kr/learn/challenges?tab=all_challenges/&page=9/learn/courses/30/lessons/17677?language=python3
[1차] 셔틀버스,(2017년)KAKAO BLIND RECRUITMENT,level-5,https://programmers.co.kr/learn/challenges?tab=all_challenges/&page=9/learn/courses/30/lessons/17678?language=python3
[1차] 프렌즈4블록,(2017년)KAKAO BLIND RECRUITMENT,level-5,https://programmers.co.kr/learn/challenges?tab=all_challenges/&page=9/learn/courses/30/lessons/17679?language=python3
[1차] 캐시,(2017년)KAKAO BLIND RECRUITMENT,level-5,https://programmers.co.kr/learn/challenges?tab=all_challenges/&page=9/learn/courses/30/lessons/17680?language=python3
[1차] 비밀지도,(2017년)KAKAO BLIND RECRUITMENT,level-5,https://programmers.co.kr/learn/challenges?tab=all_challenges/&page=9/learn/courses/30/lessons/17681?language=python3
[1차] 다트 게임,(2017년)KAKAO BLIND RECRUITMENT,level-5,https://programmers.co.kr/learn/challenges?tab=all_challenges/&page=9/learn/courses/30/lessons/17682?language=python3
[3차] 방금그곡,(2017년)KAKAO BLIND RECRUITMENT,level-5,https://programmers.co.kr/learn/challenges?tab=all_challenges/&page=9/learn/courses/30/lessons/17683?language=python3
[3차] 압축,(2017년)KAKAO BLIND RECRUITMENT,level-5,https://programmers.co.kr/learn/challenges?tab=all_challenges/&page=9/learn/courses/30/lessons/17684?language=python3
[3차] 자동완성,(2017년)KAKAO BLIND RECRUITMENT,level-5,https://programmers.co.kr/learn/challenges?tab=all_challenges/&page=9/learn/courses/30/lessons/17685?language=python3
[3차] 파일명 정렬,(2017년)KAKAO BLIND RECRUITMENT,level-5,https://programmers.co.kr/learn/challenges?tab=all_challenges/&page=9/learn/courses/30/lessons/17686?language=python3
[3차] n진수 게임,(2017년)KAKAO BLIND RECRUITMENT,level-5,https://programmers.co.kr/learn/challenges?tab=all_challenges/&page=10/learn/courses/30/lessons/17687?language=python3
